java,2012-04-08T21:15:33.873Z
c#,2012-01-02T13:27:55.631Z
javascript,2011-09-29T09:31:37.345Z
php,2012-04-10T03:16:00.727Z
android,2012-04-08T15:02:52.091Z
jquery,2012-04-03T08:39:17.337Z
python,2012-04-09T04:44:32.264Z
html,2012-04-09T05:11:21.702Z
c++,2012-06-01T22:18:55.219Z
ios,2012-04-09T02:15:44.330Z
mysql,2011-07-16T14:27:53.863Z
css,2012-04-09T17:48:32.247Z
sql,2010-09-27T15:38:50.503Z
asp.net,2012-04-09T06:06:10.029Z
objective-c,2012-04-08T22:03:57.592Z
ruby-on-rails,2012-04-08T19:35:07.412Z
.net,2012-04-08T16:37:16.992Z
iphone,2012-04-10T12:45:17.230Z
c,2012-04-10T01:22:20.110Z
arrays,2012-04-09T15:13:45.728Z
sql-server,2012-04-10T07:36:56.023Z
angularjs,2012-04-10T12:26:25.743Z
ruby,2012-04-08T02:18:56.402Z
json,2012-04-08T07:11:47.490Z
ajax,2012-04-08T08:05:14.004Z
regex,2012-04-08T09:13:29.263Z
xml,2012-04-07T21:37:43.372Z
asp.net-mvc,2012-04-09T21:23:43.302Z
r,2012-03-07T11:59:36.114Z
linux,2012-04-09T12:51:50.530Z
wpf,2012-04-08T11:18:54.110Z
django,2012-04-13T02:18:51.407Z
node.js,2012-04-07T04:50:14.554Z
database,2012-04-10T15:53:29.825Z
xcode,2011-10-09T16:32:45.480Z
